{"mem": 0.5793633460998535, "ellipse_time": 629.2457826137543, "num_GS": 78357}